added_fields,added_methods,added_packages,added_relations,added_types,agent,changed_fields,changed_methods,changed_relations,component_exact_fields,component_exact_methods,component_exact_packages,component_exact_relations,component_exact_types,component_fuzzy_field_preservation,component_fuzzy_matched_type_coverage,component_fuzzy_method_preservation,component_fuzzy_name_package_retention,component_fuzzy_relation_preservation,exact_similarity,fuzzy_similarity,likely_renamed_or_moved_types,missing_fields,missing_methods,missing_packages,missing_relations,missing_types,repo_slug,run_id,variant
10,209,0,294,4,codex,27,29,0,0.738916,0.578755,1.0,0.833107,0.927374,0.813008,0.927374,0.604828,0.996252,0.233379,0.808364,0.679099,4,5,44,0,271,9,ulisesbocchio_jasypt-spring-boot,20260505T122153Z__ulisesbocchio_jasypt-spring-boot__2243cb80,generated
7,181,0,298,1,codex,29,43,0,0.734694,0.536269,1.0,0.807018,0.932584,0.792453,0.955056,0.560647,0.998824,0.232119,0.792709,0.675426,2,12,59,0,271,7,ulisesbocchio_jasypt-spring-boot,20260505T122153Z__ulisesbocchio_jasypt-spring-boot__2243cb80,v2
21,198,0,290,3,codex,34,42,0,0.643038,0.496749,1.0,0.765432,0.917127,0.69657,0.950276,0.512,0.997674,0.224966,0.754717,0.647977,3,26,84,0,275,6,ulisesbocchio_jasypt-spring-boot,20260505T122153Z__ulisesbocchio_jasypt-spring-boot__2243cb80,v3
1,60,8,303,28,codex,7,139,0,0.515625,0.28739,0.5,0.728285,0.773006,0.804878,0.785276,0.362292,1.0,0.320713,0.596559,0.608951,1,1,7,0,307,7,mbechler_marshalsec,20260505T150455Z__mbechler_marshalsec__243c5aa8,generated
1,50,7,248,19,codex,7,130,0,0.522523,0.294017,0.533333,0.739234,0.818182,0.74359,0.831169,0.337255,0.998295,0.327751,0.616831,0.610107,3,5,28,0,314,7,mbechler_marshalsec,20260505T150455Z__mbechler_marshalsec__243c5aa8,v2
5,63,9,229,16,codex,5,122,0,0.446429,0.286713,0.470588,0.745432,0.828947,0.666667,0.855263,0.320939,0.995628,0.343484,0.602232,0.6062,2,11,40,0,310,6,mbechler_marshalsec,20260505T150455Z__mbechler_marshalsec__243c5aa8,v3
3,38,7,236,22,codex,4,128,0,0.301075,0.3125,0.631579,0.572271,0.765432,0.697674,0.777778,0.385396,0.994486,0.129794,0.533859,0.546961,3,2,9,0,354,14,frohoff_ysoserial,20260505T150537Z__frohoff_ysoserial__218bcffc,generated
1,29,8,236,16,codex,6,116,0,0.328358,0.297064,0.6,0.612245,0.782051,0.578947,0.807692,0.372591,0.96983,0.151603,0.547853,0.538552,4,3,32,0,346,14,frohoff_ysoserial,20260505T150537Z__frohoff_ysoserial__218bcffc,v2
4,67,5,257,19,codex,1,102,0,0.390244,0.274247,0.705882,0.466867,0.767296,0.780488,0.792453,0.338144,0.982379,0.027108,0.515858,0.527453,2,3,50,0,389,14,frohoff_ysoserial,20260505T150537Z__frohoff_ysoserial__218bcffc,v3
9,83,2,308,7,codex,74,138,0,0.552846,0.663438,0.944444,0.791712,0.96875,0.565097,0.96875,0.678218,0.995806,0.348964,0.78976,0.697855,1,0,31,0,289,1,xtuhcy_gecco,20260505T150549Z__xtuhcy_gecco__e1f32e1c,generated
15,99,4,291,8,codex,73,100,0,0.525469,0.67052,0.894737,0.792453,0.96875,0.541436,0.960938,0.686391,1.0,0.357381,0.782321,0.69612,0,5,72,0,288,2,xtuhcy_gecco,20260505T150549Z__xtuhcy_gecco__e1f32e1c,v2
23,88,0,280,8,codex,56,123,0,0.450867,0.585281,1.0,0.76958,0.980237,0.474164,0.948617,0.605027,0.997917,0.345062,0.76062,0.662772,1,38,106,0,297,5,xtuhcy_gecco,20260505T150549Z__xtuhcy_gecco__e1f32e1c,v3
7,61,0,91,3,codex,27,34,0,0.895265,0.812968,1.0,0.732601,0.865672,0.909621,0.925373,0.826196,1.0,0.344322,0.833081,0.765375,2,1,9,0,88,2,happyfish100_fastdfs-client-java,20260506T082045Z__happyfish100_fastdfs-client-java__4e7b6b34,generated
6,48,0,86,5,codex,22,37,0,0.862629,0.754316,1.0,0.765799,0.852941,0.888889,0.882353,0.77027,1.0,0.356877,0.823233,0.741313,1,23,48,0,87,3,happyfish100_fastdfs-client-java,20260506T082045Z__happyfish100_fastdfs-client-java__4e7b6b34,v2
5,24,0,94,6,codex,27,111,0,0.790347,0.525588,1.0,0.681319,0.852941,0.833068,0.852941,0.54755,1.0,0.322344,0.741301,0.670939,0,46,68,0,91,4,happyfish100_fastdfs-client-java,20260506T082045Z__happyfish100_fastdfs-client-java__4e7b6b34,v3
3,7,0,26,1,codex,24,14,0,0.444444,0.786408,1.0,0.854545,0.909091,0.444444,0.969697,0.803922,1.0,0.509091,0.807585,0.745633,1,9,5,0,28,0,JakeWharton_RxRelay,20260506T082105Z__JakeWharton_RxRelay__9540ecc7,generated
6,12,0,26,1,codex,22,1,0,0.495575,0.852941,1.0,0.864865,0.909091,0.495575,0.969697,0.871287,1.0,0.522523,0.831657,0.770133,1,7,12,0,27,0,JakeWharton_RxRelay,20260506T082105Z__JakeWharton_RxRelay__9540ecc7,v2
6,8,0,35,4,codex,21,10,0,0.336449,0.717172,1.0,0.701754,0.571429,0.392157,0.857143,0.751323,0.985263,0.403509,0.647285,0.665634,1,14,19,0,33,1,JakeWharton_RxRelay,20260506T082105Z__JakeWharton_RxRelay__9540ecc7,v3
5,44,11,229,21,codex,10,21,0,0.803797,0.57187,0.755556,0.658654,0.733333,0.905263,0.766667,0.772443,0.980632,0.100962,0.691429,0.643582,2,2,23,0,145,7,amitshekhariitbhu_Android-Debug-Database,20260506T082129Z__amitshekhariitbhu_Android-Debug-Database__bf149df6,generated
12,44,10,231,20,codex,13,20,0,0.708861,0.538217,0.714286,0.609113,0.705882,0.814286,0.773109,0.731602,0.958778,0.095923,0.644605,0.620255,4,14,40,2,146,7,amitshekhariitbhu_Android-Debug-Database,20260506T082129Z__amitshekhariitbhu_Android-Debug-Database__bf149df6,v2
20,39,11,216,22,codex,22,19,0,0.64127,0.535836,0.755556,0.567164,0.715447,0.72028,0.780488,0.69469,0.967193,0.099502,0.627924,0.602721,4,16,61,0,146,5,amitshekhariitbhu_Android-Debug-Database,20260506T082129Z__amitshekhariitbhu_Android-Debug-Database__bf149df6,v3
7,30,4,118,11,codex,29,33,0,0.834746,0.773676,0.846154,0.774648,0.891089,0.858388,0.891089,0.815567,1.0,0.295775,0.819729,0.733142,0,0,13,0,82,0,amitshekhariitbhu_PRDownloader,20260506T082136Z__amitshekhariitbhu_PRDownloader__611b12c8,generated
6,36,4,109,8,codex,22,35,0,0.832962,0.751252,0.846154,0.769231,0.895833,0.848073,0.895833,0.774527,1.0,0.29304,0.814538,0.724126,0,17,25,0,84,2,amitshekhariitbhu_PRDownloader,20260506T082136Z__amitshekhariitbhu_PRDownloader__611b12c8,v2
13,42,4,111,8,codex,21,28,0,0.77551,0.721754,0.846154,0.739927,0.895833,0.793503,0.895833,0.752197,1.0,0.278388,0.791229,0.707812,0,34,43,0,86,2,amitshekhariitbhu_PRDownloader,20260506T082136Z__amitshekhariitbhu_PRDownloader__611b12c8,v3
8,45,17,268,51,codex,30,4,0,0.59661,0.679095,0.451613,0.56833,0.696203,0.721311,0.64557,0.862944,1.0,0.190889,0.615021,0.622179,0,0,28,0,105,5,esoxjem_MovieGuide,20260506T083333Z__esoxjem_MovieGuide__dc1f20fb,generated
9,55,17,263,50,codex,31,4,0,0.56,0.647368,0.451613,0.545055,0.691824,0.677419,0.666667,0.821369,1.0,0.189011,0.595107,0.613139,0,9,44,0,106,3,esoxjem_MovieGuide,20260506T083333Z__esoxjem_MovieGuide__dc1f20fb,v2
20,62,17,227,45,codex,27,3,0,0.533333,0.666667,0.451613,0.543269,0.710526,0.630705,0.671053,0.798635,1.0,0.192308,0.599107,0.603725,0,15,50,0,109,5,esoxjem_MovieGuide,20260506T083333Z__esoxjem_MovieGuide__dc1f20fb,v3
11,40,43,389,73,codex,37,32,0,0.510791,0.670534,0.426667,0.787611,0.637168,0.756614,0.628319,0.814085,1.0,0.179204,0.648967,0.609605,3,7,28,0,353,11,19MisterX98_SeedcrackerX,20260507T093402Z__19MisterX98_SeedcrackerX__8e18d20d,generated
10,53,35,416,69,codex,50,27,0,0.427536,0.628308,0.477612,0.695747,0.633929,0.636119,0.651786,0.77591,1.0,0.146129,0.60476,0.582668,4,25,53,0,367,9,19MisterX98_SeedcrackerX,20260507T093402Z__19MisterX98_SeedcrackerX__8e18d20d,v2
16,38,42,383,73,codex,46,25,0,0.406015,0.585714,0.432432,0.730942,0.654867,0.6,0.628319,0.746586,0.998122,0.168161,0.604288,0.569665,2,36,79,0,359,11,19MisterX98_SeedcrackerX,20260507T093402Z__19MisterX98_SeedcrackerX__8e18d20d,v3
3,83,23,474,72,codex,50,25,0,0.532348,0.58533,0.258065,0.643038,0.55102,0.702179,0.591837,0.804369,1.0,0.040506,0.553391,0.553878,3,20,64,0,284,8,airbnb_native-navigation,20260507T093422Z__airbnb_native-navigation__9cf50bf9,generated
6,89,24,467,78,codex,46,29,0,0.479846,0.532418,0.193548,0.555985,0.507463,0.670241,0.567164,0.726141,0.966503,0.02574,0.491476,0.518999,6,25,117,1,290,9,airbnb_native-navigation,20260507T093422Z__airbnb_native-navigation__9cf50bf9,v2
10,74,25,438,77,codex,41,22,0,0.483034,0.507987,0.242424,0.571809,0.517413,0.630208,0.577114,0.70187,0.983011,0.037234,0.499191,0.515649,4,50,153,0,286,8,airbnb_native-navigation,20260507T093422Z__airbnb_native-navigation__9cf50bf9,v3
9,94,1,270,3,codex,30,46,0,0.70903,0.686364,0.947368,0.757785,0.906977,0.742268,0.953488,0.711785,0.990089,0.107266,0.792444,0.665569,5,6,61,0,246,5,awaitility_awaitility,20260507T093651Z__awaitility_awaitility__4fc23ccb,generated
8,78,1,256,2,codex,32,50,0,0.705085,0.661098,0.947368,0.746429,0.904762,0.734982,0.940476,0.687268,0.998997,0.096429,0.782838,0.653851,2,3,75,0,250,8,awaitility_awaitility,20260507T093651Z__awaitility_awaitility__4fc23ccb,v2
6,68,0,247,2,codex,32,44,0,0.66899,0.634328,1.0,0.771739,0.886228,0.705882,0.934132,0.664062,0.995218,0.101449,0.780293,0.643819,1,10,102,0,249,9,awaitility_awaitility,20260507T093651Z__awaitility_awaitility__4fc23ccb,v3
6,40,7,146,21,codex,42,72,0,0.639024,0.499139,0.740741,0.60745,0.796296,0.74221,0.759259,0.589431,1.0,0.275072,0.651065,0.625763,0,1,18,0,107,5,DantSu_ESCPOS-ThermalPrinter-Android,20260507T093656Z__DantSu_ESCPOS-ThermalPrinter-Android__f61030e4,generated
10,42,7,156,22,codex,41,49,0,0.585859,0.541012,0.740741,0.671958,0.796296,0.684366,0.740741,0.648536,1.0,0.354497,0.670817,0.643209,0,15,28,0,88,6,DantSu_ESCPOS-ThermalPrinter-Android,20260507T093656Z__DantSu_ESCPOS-ThermalPrinter-Android__f61030e4,v2
9,58,7,151,22,codex,36,45,0,0.576623,0.493056,0.740741,0.644444,0.766355,0.676829,0.728972,0.60084,1.0,0.3,0.644101,0.615384,1,25,42,0,101,7,DantSu_ESCPOS-ThermalPrinter-Android,20260507T093656Z__DantSu_ESCPOS-ThermalPrinter-Android__f61030e4,v3
1,43,7,176,19,codex,30,28,0,0.605863,0.717833,0.872727,0.766727,0.875,0.696629,0.829545,0.801008,0.994521,0.405063,0.770487,0.714277,1,20,59,0,153,11,elvishew_xLog,20260507T093701Z__elvishew_xLog__3faa6b27,generated
3,62,7,171,16,codex,34,32,0,0.585526,0.632302,0.872727,0.78245,0.902857,0.652015,0.857143,0.709512,0.994438,0.40585,0.762011,0.697754,1,24,100,0,154,9,elvishew_xLog,20260507T093701Z__elvishew_xLog__3faa6b27,v2
2,49,6,163,16,codex,31,24,0,0.55102,0.664336,0.888889,0.739623,0.860465,0.632812,0.837209,0.75,0.994444,0.384906,0.741412,0.691756,1,30,93,0,163,12,elvishew_xLog,20260507T093701Z__elvishew_xLog__3faa6b27,v3
0,15,0,54,7,codex,4,8,0,0.533333,0.549451,1.0,0.531646,0.588235,0.666667,0.588235,0.714286,1.0,0.025316,0.596443,0.525657,0,0,9,0,23,0,EsotericSoftware_reflectasm,20260507T093708Z__EsotericSoftware_reflectasm__e34c5e8b,generated
1,20,0,40,6,codex,4,8,0,0.571429,0.624204,1.0,0.615385,0.625,0.64,0.625,0.680556,1.0,0.030769,0.65142,0.527303,0,0,10,0,23,0,EsotericSoftware_reflectasm,20260507T093708Z__EsotericSoftware_reflectasm__e34c5e8b,v2
2,15,0,57,9,codex,4,17,0,0.333333,0.424581,1.0,0.463415,0.526316,0.5,0.526316,0.554745,1.0,0.02439,0.50552,0.449941,0,2,12,0,23,0,EsotericSoftware_reflectasm,20260507T093708Z__EsotericSoftware_reflectasm__e34c5e8b,v3
3,102,9,223,38,codex,17,22,0,0.364641,0.308892,0.470588,0.39604,0.328358,0.628571,0.522388,0.52381,0.931065,0.054455,0.364435,0.462484,10,2,54,0,159,26,evant_binding-collection-adapter,20260507T093714Z__evant_binding-collection-adapter__ac7972e1,generated
6,49,9,192,35,codex,18,16,0,0.32,0.330435,0.470588,0.346667,0.372093,0.538462,0.511628,0.605187,0.9832,0.069333,0.358169,0.470948,8,6,56,0,157,28,evant_binding-collection-adapter,20260507T093714Z__evant_binding-collection-adapter__ac7972e1,v2
6,72,9,217,40,codex,18,19,0,0.326316,0.29703,0.470588,0.379052,0.373134,0.579439,0.492537,0.53951,0.976797,0.069825,0.362411,0.457715,7,3,59,0,156,28,evant_binding-collection-adapter,20260507T093714Z__evant_binding-collection-adapter__ac7972e1,v3
9,178,4,410,41,codex,65,18,0,0.409524,0.495906,0.909091,0.638792,0.79476,0.551282,0.768559,0.655332,1.0,0.204413,0.641847,0.59543,1,1,9,0,275,12,gothinkster_spring-boot-realworld-example-app,20260507T093719Z__gothinkster_spring-boot-realworld-example-app__ee17e31a,generated
8,180,7,412,55,codex,62,17,0,0.397196,0.452962,0.851064,0.64,0.75102,0.557377,0.734694,0.621019,1.0,0.176471,0.615033,0.572336,1,3,24,0,288,10,gothinkster_spring-boot-realworld-example-app,20260507T093719Z__gothinkster_spring-boot-realworld-example-app__ee17e31a,v2
7,267,7,425,52,codex,64,20,0,0.407767,0.379015,0.851064,0.605991,0.803347,0.54902,0.728033,0.504274,1.0,0.184332,0.604708,0.547701,1,3,41,0,283,13,gothinkster_spring-boot-realworld-example-app,20260507T093719Z__gothinkster_spring-boot-realworld-example-app__ee17e31a,v3
8,42,1,345,5,codex,54,28,0,0.786647,0.622614,0.983051,0.698305,0.868263,0.901734,0.874251,0.746479,1.0,0.369492,0.767382,0.739204,1,3,46,0,399,37,Grt1228_chatgpt-java,20260507T093724Z__Grt1228_chatgpt-java__ae761b89,generated
7,43,0,340,6,codex,42,23,0,0.784254,0.638298,1.0,0.676897,0.880952,0.876481,0.875,0.731707,1.0,0.368286,0.768605,0.732385,0,55,65,0,401,36,Grt1228_chatgpt-java,20260507T093724Z__Grt1228_chatgpt-java__ae761b89,v2
14,59,0,327,4,codex,44,26,0,0.727273,0.614679,1.0,0.653979,0.875,0.825672,0.886905,0.681356,0.998121,0.366782,0.74697,0.717701,3,99,77,0,405,34,Grt1228_chatgpt-java,20260507T093724Z__Grt1228_chatgpt-java__ae761b89,v3
0,30,0,174,1,codex,18,40,0,0.821782,0.80117,1.0,0.847251,0.977444,0.821782,0.992481,0.804699,1.0,0.329939,0.882037,0.764436,0,0,23,0,155,0,j-easy_easy-rules,20260507T093731Z__j-easy_easy-rules__d4450831,generated
0,38,0,181,3,codex,13,41,0,0.854271,0.755952,1.0,0.84739,0.962963,0.854271,0.977778,0.758209,1.0,0.325301,0.874289,0.754441,0,3,42,0,155,0,j-easy_easy-rules,20260507T093731Z__j-easy_easy-rules__d4450831,v2
0,50,0,188,5,codex,12,31,0,0.806122,0.703759,1.0,0.764,0.955882,0.831579,0.955882,0.726708,1.0,0.304,0.829841,0.732843,0,8,64,0,160,1,j-easy_easy-rules,20260507T093731Z__j-easy_easy-rules__d4450831,v3
0,30,0,47,4,codex,2,23,0,0.545455,0.322981,1.0,0.333333,0.421053,0.75,0.631579,0.385714,0.855556,0.044444,0.451678,0.475783,2,0,10,0,39,3,jOOQ_jOOR,20260508T095107Z__jOOQ_jOOR__23e17cf3,generated
1,35,0,49,4,codex,1,19,0,0.521739,0.314465,1.0,0.32967,0.444444,0.8,0.555556,0.364964,0.9,0.021978,0.451166,0.455154,1,0,14,0,40,4,jOOQ_jOOR,20260508T095107Z__jOOQ_jOOR__23e17cf3,v2
0,23,0,56,6,codex,2,22,0,0.416667,0.27451,1.0,0.282828,0.380952,0.666667,0.571429,0.346457,0.878571,0.040404,0.397489,0.438678,2,1,16,0,39,3,jOOQ_jOOR,20260508T095107Z__jOOQ_jOOR__23e17cf3,v3
5,162,2,266,9,codex,5,13,0,0.848297,0.559505,0.923077,0.733242,0.8125,0.948097,0.822917,0.652174,0.996283,0.221614,0.754551,0.674556,1,0,4,0,303,25,LianjiaTech_retrofit-spring-boot-starter,20260508T095113Z__LianjiaTech_retrofit-spring-boot-starter__24cb9eda,generated
1,141,4,240,13,codex,4,14,0,0.829114,0.516447,0.857143,0.733997,0.79798,0.932384,0.818182,0.610895,0.990986,0.224751,0.733065,0.662778,2,10,31,0,305,23,LianjiaTech_retrofit-spring-boot-starter,20260508T095113Z__LianjiaTech_retrofit-spring-boot-starter__24cb9eda,v2
6,145,3,237,7,codex,7,12,0,0.771242,0.507513,0.888889,0.70317,0.8,0.855072,0.831579,0.595661,0.994213,0.210375,0.717029,0.648882,2,20,36,0,311,25,LianjiaTech_retrofit-spring-boot-starter,20260508T095113Z__LianjiaTech_retrofit-spring-boot-starter__24cb9eda,v3
7,25,23,391,48,codex,8,75,0,0.866808,0.493506,0.488889,0.736723,0.707692,0.972716,0.707692,0.678571,1.0,0.164972,0.675551,0.635172,0,0,5,0,348,9,linkedin_kafka-monitor,20260508T095119Z__linkedin_kafka-monitor__043db641,generated
179,32,23,395,44,codex,0,75,0,0.466518,0.483487,0.488889,0.491389,0.722513,0.51861,0.722513,0.653571,1.0,0.126292,0.543609,0.556833,0,209,12,0,366,9,linkedin_kafka-monitor,20260508T095119Z__linkedin_kafka-monitor__043db641,v2
25,20,20,318,39,codex,12,71,0,0.760331,0.478261,0.52381,0.670807,0.741935,0.828829,0.741935,0.627376,1.0,0.163975,0.648809,0.613374,0,84,34,0,355,9,linkedin_kafka-monitor,20260508T095119Z__linkedin_kafka-monitor__043db641,v3
14,200,8,317,29,codex,47,43,0,0.553763,0.560748,0.84,0.692418,0.854054,0.645768,0.832432,0.644231,0.997513,0.220315,0.700453,0.630271,1,5,10,0,228,2,macrozheng_mall-tiny,20260508T095125Z__macrozheng_mall-tiny__a81ec474,generated
11,198,2,314,19,codex,45,37,0,0.550725,0.575524,0.954545,0.710791,0.918605,0.639731,0.860465,0.645161,0.992281,0.218705,0.736057,0.637036,1,6,14,0,229,5,macrozheng_mall-tiny,20260508T095125Z__macrozheng_mall-tiny__a81ec474,v2
12,212,1,265,5,codex,47,33,0,0.577508,0.576349,0.976744,0.753086,0.981366,0.614887,0.956522,0.614443,1.0,0.240741,0.770838,0.662263,0,13,37,0,227,2,macrozheng_mall-tiny,20260508T095125Z__macrozheng_mall-tiny__a81ec474,v3
33,56,2,172,7,codex,21,78,0,0.495,0.46069,0.928571,0.538462,0.679739,0.642623,0.810458,0.580542,0.996774,0.166667,0.590718,0.596983,11,34,51,0,218,22,Meituan-Dianping_walle,20260508T095131Z__Meituan-Dianping_walle__f78edcf1,generated
25,83,4,178,12,codex,18,77,0,0.476684,0.412005,0.866667,0.541578,0.696203,0.652482,0.78481,0.512,0.950363,0.144989,0.577094,0.566999,10,37,68,0,223,22,Meituan-Dianping_walle,20260508T095131Z__Meituan-Dianping_walle__f78edcf1,v2
17,55,2,171,12,codex,14,69,0,0.43956,0.439169,0.928571,0.556291,0.657895,0.647773,0.736842,0.531469,0.977388,0.110375,0.577986,0.549845,6,42,75,0,232,28,Meituan-Dianping_walle,20260508T095131Z__Meituan-Dianping_walle__f78edcf1,v3
3,5,0,88,1,codex,5,5,0,0.946667,0.978236,1.0,0.976321,0.990654,0.946667,0.990654,0.980482,1.0,0.688525,0.978207,0.907424,0,3,2,0,83,0,Mojang_brigadier,20260508T095136Z__Mojang_brigadier__b5419b18,generated
6,6,0,92,2,codex,3,4,0,0.933333,0.955916,1.0,0.956044,0.971429,0.939597,0.952381,0.968273,1.0,0.666667,0.960854,0.886975,0,6,13,0,90,3,Mojang_brigadier,20260508T095136Z__Mojang_brigadier__b5419b18,v2
2,16,1,80,1,codex,2,4,0,0.966443,0.944444,0.933333,0.953096,0.990654,0.966443,0.990654,0.946636,1.0,0.679174,0.960781,0.901283,0,4,22,0,91,0,Mojang_brigadier,20260508T095136Z__Mojang_brigadier__b5419b18,v3
10,45,0,141,1,codex,18,51,0,0.791667,0.639286,1.0,0.807487,1.0,0.798319,0.975,0.648551,1.0,0.240642,0.838853,0.702118,0,2,47,0,143,1,monkeyWie_proxyee,20260508T095142Z__monkeyWie_proxyee__c2c5bb4c,generated
8,57,1,142,3,codex,15,47,0,0.632558,0.566372,0.969697,0.711957,0.95,0.759358,0.925,0.641366,0.997838,0.206522,0.756215,0.671091,1,7,38,0,150,3,monkeyWie_proxyee,20260508T095142Z__monkeyWie_proxyee__c2c5bb4c,v2
11,63,1,139,6,codex,13,38,0,0.67234,0.506329,0.9375,0.710383,0.95,0.777251,0.85,0.584314,0.995294,0.213115,0.746482,0.641259,2,10,73,1,149,6,monkeyWie_proxyee,20260508T095142Z__monkeyWie_proxyee__c2c5bb4c,v3
12,241,18,270,27,codex,23,25,0,0.711246,0.594536,0.763158,0.779487,0.834225,0.785235,0.855615,0.639248,1.0,0.211966,0.744312,0.655311,2,6,16,0,191,0,mouzt_mzt-biz-log,20260508T095147Z__mouzt_mzt-biz-log__8d3a0271,generated
21,215,0,236,4,codex,23,24,0,0.691824,0.603136,1.0,0.805808,0.95122,0.733333,0.97561,0.623441,1.0,0.225045,0.803948,0.683633,2,13,39,0,191,0,mouzt_mzt-biz-log,20260508T095147Z__mouzt_mzt-biz-log__8d3a0271,v2
12,210,14,250,28,codex,24,23,0,0.643312,0.533172,0.805556,0.745583,0.829787,0.713781,0.851064,0.576271,1.0,0.222615,0.714809,0.633294,2,21,69,0,190,0,mouzt_mzt-biz-log,20260508T095147Z__mouzt_mzt-biz-log__8d3a0271,v3
29,57,1,222,7,codex,25,54,0,0.735683,0.632168,0.962963,0.77037,0.874074,0.76082,0.933333,0.668596,0.992674,0.22963,0.782712,0.684517,4,26,64,0,194,2,Netflix_concurrency-limits,20260508T095153Z__Netflix_concurrency-limits__e8df64d8,generated
25,71,0,206,6,codex,20,48,0,0.754545,0.610795,1.0,0.778828,0.880597,0.773893,0.940299,0.631579,1.0,0.253308,0.789139,0.687816,1,32,85,0,189,2,Netflix_concurrency-limits,20260508T095153Z__Netflix_concurrency-limits__e8df64d8,v2
29,72,2,216,8,codex,27,47,0,0.688372,0.572271,0.928571,0.757974,0.890511,0.696471,0.934307,0.587706,0.990288,0.228893,0.760587,0.658556,3,46,109,0,195,1,Netflix_concurrency-limits,20260508T095153Z__Netflix_concurrency-limits__e8df64d8,v3
1,14,4,105,18,codex,16,4,0,0.533333,0.751553,0.777778,0.785047,0.653846,0.727273,0.653846,0.886447,1.0,0.214953,0.707064,0.636272,0,0,9,0,63,0,pwittchen_ReactiveNetwork,20260508T095158Z__pwittchen_ReactiveNetwork__ddfde340,generated
7,13,8,100,22,codex,21,4,0,0.402299,0.718266,0.636364,0.77512,0.607143,0.569106,0.607143,0.868914,1.0,0.220096,0.651956,0.596315,0,4,14,0,63,0,pwittchen_ReactiveNetwork,20260508T095158Z__pwittchen_ReactiveNetwork__ddfde340,v2
13,15,4,100,19,codex,16,3,0,0.440678,0.714754,0.777778,0.746411,0.641509,0.609375,0.641509,0.835249,1.0,0.220096,0.671131,0.605933,0,5,22,0,63,0,pwittchen_ReactiveNetwork,20260508T095158Z__pwittchen_ReactiveNetwork__ddfde340,v3
20,76,7,267,36,codex,23,77,0,0.672897,0.463277,0.810811,0.549242,0.725275,0.805556,0.725275,0.606676,0.94064,0.166667,0.620762,0.595482,11,4,41,0,173,14,RikkaApps_Shizuku-API,20260508T095204Z__RikkaApps_Shizuku-API__a27f6e41,generated
22,80,7,299,42,codex,19,68,0,0.692494,0.464444,0.810811,0.5,0.761905,0.781421,0.708995,0.597101,0.961651,0.170213,0.61832,0.58805,6,20,62,0,169,13,RikkaApps_Shizuku-API,20260508T095204Z__RikkaApps_Shizuku-API__a27f6e41,v2
20,100,7,245,33,codex,27,69,0,0.627551,0.437209,0.810811,0.526316,0.79558,0.698864,0.751381,0.54023,0.977209,0.19883,0.619445,0.585718,4,32,82,0,166,12,RikkaApps_Shizuku-API,20260508T095204Z__RikkaApps_Shizuku-API__a27f6e41,v3
5,54,3,392,16,codex,376,23,0,0.240809,0.541379,0.941176,0.70184,0.877698,0.253438,0.892086,0.69469,0.993339,0.215951,0.668491,0.597901,5,3,38,0,247,14,TheoKanning_openai-java,20260508T095210Z__TheoKanning_openai-java__26909660,generated
8,63,2,318,6,codex,353,25,0,0.236766,0.635815,0.96,0.756393,0.926471,0.24327,0.941176,0.665263,0.992565,0.242261,0.717213,0.611718,5,45,46,0,245,10,TheoKanning_openai-java,20260508T095210Z__TheoKanning_openai-java__26909660,v2
11,87,1,379,10,codex,336,21,0,0.208251,0.469388,0.958333,0.64831,0.909091,0.219713,0.923636,0.579281,0.99168,0.212766,0.642714,0.578264,5,77,70,1,250,11,TheoKanning_openai-java,20260508T095210Z__TheoKanning_openai-java__26909660,v3
0,30,4,154,21,codex,12,52,0,0.540881,0.466667,0.736842,0.649842,0.735632,0.8,0.758621,0.648148,0.997576,0.29653,0.62701,0.651106,1,0,18,1,69,0,whwlsfb_JDumpSpider,20260508T095214Z__whwlsfb_JDumpSpider__24fe3186,generated
3,27,2,155,21,codex,9,48,0,0.547771,0.471698,0.823529,0.564784,0.735632,0.789916,0.758621,0.629808,0.997576,0.199336,0.612201,0.621627,1,4,31,1,86,0,whwlsfb_JDumpSpider,20260508T095214Z__whwlsfb_JDumpSpider__24fe3186,v2
2,34,2,165,20,codex,12,44,0,0.369048,0.398496,0.823529,0.51634,0.744186,0.654545,0.767442,0.563591,0.997576,0.163399,0.558358,0.58174,1,12,53,1,91,0,whwlsfb_JDumpSpider,20260508T095214Z__whwlsfb_JDumpSpider__24fe3186,v3
38,33,1,141,4,codex,15,48,0,0.470588,0.666667,0.933333,0.781538,0.95,0.470588,0.95,0.678652,1.0,0.153846,0.769216,0.62978,0,31,14,0,134,0,YeautyYE_netty-websocket-spring-boot-starter,20260508T095219Z__YeautyYE_netty-websocket-spring-boot-starter__eb4d0a6b,generated
10,28,1,135,3,codex,15,47,0,0.75,0.65127,0.933333,0.796238,0.962025,0.75,0.962025,0.657343,1.0,0.15674,0.815465,0.671761,0,6,25,0,134,0,YeautyYE_netty-websocket-spring-boot-starter,20260508T095219Z__YeautyYE_netty-websocket-spring-boot-starter__eb4d0a6b,v2
39,31,1,151,6,codex,6,39,0,0.465608,0.623256,0.933333,0.728358,0.926829,0.49162,0.926829,0.642686,1.0,0.149254,0.738041,0.617642,0,40,40,0,134,0,YeautyYE_netty-websocket-spring-boot-starter,20260508T095219Z__YeautyYE_netty-websocket-spring-boot-starter__eb4d0a6b,v3
3,16,0,71,2,codex,1,23,0,0.921348,0.689189,1.0,0.813187,0.974359,0.942529,0.923077,0.765152,1.0,0.197802,0.863586,0.720783,0,0,0,0,75,1,JMCuixy_swagger2word,20260508T095225Z__JMCuixy_swagger2word__0da57120,generated
1,14,0,72,1,codex,8,21,0,0.722892,0.659498,1.0,0.718232,0.974359,0.740741,0.974359,0.730159,1.0,0.176796,0.799393,0.693649,0,4,12,0,77,0,JMCuixy_swagger2word,20260508T095225Z__JMCuixy_swagger2word__0da57120,v2
2,38,0,73,2,codex,1,21,0,0.917647,0.602649,1.0,0.782609,0.95,0.928571,0.95,0.661818,1.0,0.195652,0.830459,0.705562,0,2,13,0,75,0,JMCuixy_swagger2word,20260508T095225Z__JMCuixy_swagger2word__0da57120,v3
1,125,0,178,6,codex,16,13,0,0.793103,0.467456,1.0,0.839623,0.962963,0.839024,0.907407,0.49375,1.0,0.306604,0.805084,0.673477,0,0,11,0,116,4,eugene-khyst_postgresql-event-sourcing,20260508T095230Z__eugene-khyst_postgresql-event-sourcing__90faafbb,generated
3,112,0,169,6,codex,12,16,0,0.789238,0.440252,1.0,0.837772,0.962963,0.824121,0.907407,0.465116,1.0,0.305085,0.798508,0.665135,0,8,17,0,118,4,eugene-khyst_postgresql-event-sourcing,20260508T095230Z__eugene-khyst_postgresql-event-sourcing__90faafbb,v2
4,120,0,168,8,codex,15,11,0,0.716279,0.443077,1.0,0.757946,0.93578,0.755319,0.880734,0.472131,1.0,0.293399,0.757386,0.645294,0,12,19,0,121,5,eugene-khyst_postgresql-event-sourcing,20260508T095230Z__eugene-khyst_postgresql-event-sourcing__90faafbb,v3
7,89,4,242,9,codex,21,92,0,0.615385,0.576613,0.666667,0.700162,0.751445,0.837758,0.83237,0.623266,0.981616,0.191248,0.672207,0.646001,6,6,80,0,257,20,facebook_SoLoader,20260508T095237Z__facebook_SoLoader__d3d721fb,generated
15,86,4,244,9,codex,19,81,0,0.555799,0.565445,0.666667,0.696921,0.785714,0.776758,0.797619,0.604703,0.980926,0.184765,0.66863,0.621024,3,20,105,0,259,25,facebook_SoLoader,20260508T095237Z__facebook_SoLoader__d3d721fb,v2
25,94,4,232,17,codex,17,115,0,0.505695,0.435244,0.666667,0.587646,0.719101,0.699387,0.775281,0.471264,0.988438,0.170284,0.585639,0.57316,5,39,136,0,265,23,facebook_SoLoader,20260508T095237Z__facebook_SoLoader__d3d721fb,v3
6,39,0,221,2,codex,35,11,0,0.612613,0.858696,1.0,0.840336,0.990654,0.623853,0.971963,0.868132,1.0,0.292437,0.863395,0.731902,0,6,11,0,200,1,feiniaojin_graceful-response,20260508T095244Z__feiniaojin_graceful-response__cf1cd118,generated
7,44,0,228,5,codex,31,10,0,0.606335,0.814414,1.0,0.81198,0.954955,0.62037,0.954955,0.83549,1.0,0.28619,0.836166,0.718187,0,13,25,0,201,0,feiniaojin_graceful-response,20260508T095244Z__feiniaojin_graceful-response__cf1cd118,v2
6,40,1,217,2,codex,34,11,0,0.579439,0.787072,0.933333,0.799314,0.981132,0.590476,0.962264,0.802326,1.0,0.271012,0.822741,0.705469,0,12,40,0,208,2,feiniaojin_graceful-response,20260508T095244Z__feiniaojin_graceful-response__cf1cd118,v3
7,36,14,210,34,codex,10,83,0,0.601695,0.281059,0.444444,0.543158,0.672,0.825581,0.656,0.398844,1.0,0.130526,0.521858,0.533038,0,3,6,1,203,9,jenkinsci_jenkinsfile-runner,20260508T095249Z__jenkinsci_jenkinsfile-runner__9be9c0fb,generated
5,27,18,172,35,codex,9,76,0,0.62037,0.26484,0.387097,0.541284,0.656,0.812121,0.64,0.36478,1.0,0.137615,0.511119,0.521178,0,8,23,1,204,10,jenkinsci_jenkinsfile-runner,20260508T095249Z__jenkinsci_jenkinsfile-runner__9be9c0fb,v2
11,33,18,181,39,codex,8,72,0,0.506438,0.232967,0.387097,0.48307,0.620155,0.723926,0.620155,0.33121,0.938024,0.126411,0.461229,0.486283,3,18,33,1,206,10,jenkinsci_jenkinsfile-runner,20260508T095249Z__jenkinsci_jenkinsfile-runner__9be9c0fb,v3
8,22,0,32,1,codex,0,1,0,0.902439,0.733945,1.0,0.918033,0.8,0.902439,0.8,0.769231,1.0,0.032787,0.857565,0.637409,0,0,0,0,27,0,mitre_HTTP-Proxy-Servlet,20260508T095255Z__mitre_HTTP-Proxy-Servlet__c799c5e1,generated
7,20,0,33,2,codex,0,1,0,0.871795,0.7,1.0,0.806452,0.666667,0.871795,0.666667,0.721649,1.0,0.032258,0.779371,0.583164,0,3,5,0,27,0,mitre_HTTP-Proxy-Servlet,20260508T095255Z__mitre_HTTP-Proxy-Servlet__c799c5e1,v2
13,14,0,25,1,codex,1,2,0,0.725,0.717391,1.0,0.814815,0.8,0.725,0.8,0.733333,1.0,0.037037,0.796673,0.604676,0,7,6,0,27,0,mitre_HTTP-Proxy-Servlet,20260508T095255Z__mitre_HTTP-Proxy-Servlet__c799c5e1,v3
1,23,3,56,9,codex,4,22,0,0.880503,0.716129,0.769231,0.740741,0.677966,0.939597,0.813559,0.743243,0.976389,0.148148,0.743938,0.668332,1,0,9,0,59,2,stealthcopter_AndroidNetworkTools,20260508T095300Z__stealthcopter_AndroidNetworkTools__a82af8a5,generated
6,26,3,55,9,codex,12,19,0,0.713376,0.627986,0.769231,0.430769,0.631579,0.767123,0.77193,0.688645,0.974242,0.092308,0.596652,0.604878,5,4,21,0,63,4,stealthcopter_AndroidNetworkTools,20260508T095300Z__stealthcopter_AndroidNetworkTools__a82af8a5,v2
7,25,3,56,9,codex,9,11,0,0.722581,0.626335,0.769231,0.492308,0.677966,0.767123,0.813559,0.674157,0.976603,0.076923,0.627761,0.610859,5,9,40,0,64,2,stealthcopter_AndroidNetworkTools,20260508T095300Z__stealthcopter_AndroidNetworkTools__a82af8a5,v3
14,48,44,494,78,claude,41,30,0,0.484452,0.571707,0.421053,0.715976,0.621277,0.73399,0.638298,0.803815,0.989867,0.169625,0.599227,0.603744,4,12,36,0,348,7,19MisterX98_SeedcrackerX,20260510T103653Z__19MisterX98_SeedcrackerX__8e18d20d,generated
20,39,44,409,76,claude,54,35,0,0.427844,0.565884,0.421053,0.707926,0.641026,0.604317,0.649573,0.781513,1.0,0.169381,0.592093,0.584167,2,37,47,0,356,6,19MisterX98_SeedcrackerX,20260510T103653Z__19MisterX98_SeedcrackerX__8e18d20d,v2
54,105,37,331,83,claude,23,25,0,0.161404,0.246575,0.463768,0.455696,0.669643,0.306667,0.526786,0.40381,0.996905,0.063291,0.424022,0.400311,5,108,158,0,409,23,19MisterX98_SeedcrackerX,20260510T103653Z__19MisterX98_SeedcrackerX__8e18d20d,v3
18,132,26,417,92,claude,61,65,0,0.327122,0.275281,0.235294,0.49589,0.516432,0.452722,0.516432,0.447727,1.0,0.035616,0.405529,0.421287,3,51,224,0,287,11,airbnb_native-navigation,20260510T154735Z__airbnb_native-navigation__9cf50bf9,generated
5,81,25,620,125,claude,41,30,0,0.469136,0.436189,0.242424,0.51606,0.425703,0.680307,0.465863,0.752577,0.99133,0.029979,0.443094,0.498948,4,38,99,0,286,8,airbnb_native-navigation,20260510T154735Z__airbnb_native-navigation__9cf50bf9,v2
19,73,24,500,92,claude,39,26,0,0.435714,0.403476,0.133333,0.539877,0.443396,0.620865,0.509434,0.707926,0.978836,0.03681,0.432198,0.494631,5,52,144,2,285,12,airbnb_native-navigation,20260510T154735Z__airbnb_native-navigation__9cf50bf9,v3
40,33,15,237,38,claude,9,11,0,0.693767,0.575458,0.693878,0.608491,0.7,0.808777,0.7,0.85,0.981818,0.099057,0.646092,0.624263,2,3,17,0,145,4,amitshekhariitbhu_Android-Debug-Database,20260510T154742Z__amitshekhariitbhu_Android-Debug-Database__bf149df6,generated
67,78,15,232,37,claude,19,12,0,0.435,0.382199,0.693878,0.5311,0.666667,0.566879,0.636364,0.633406,1.0,0.095694,0.537074,0.526546,1,31,67,0,146,11,amitshekhariitbhu_Android-Debug-Database,20260510T154742Z__amitshekhariitbhu_Android-Debug-Database__bf149df6,v2
45,64,13,210,37,claude,12,12,0,0.364821,0.284375,0.723404,0.481013,0.676692,0.476596,0.646617,0.486486,0.973776,0.096203,0.497415,0.4842,3,54,102,0,147,10,amitshekhariitbhu_Android-Debug-Database,20260510T154742Z__amitshekhariitbhu_Android-Debug-Database__bf149df6,v3
3,23,6,133,16,claude,9,25,0,0.65285,0.690076,0.692308,0.70903,0.712871,0.923077,0.792079,0.841713,1.0,0.280936,0.6961,0.714662,0,0,12,2,82,5,amitshekhariitbhu_PRDownloader,20260510T154753Z__amitshekhariitbhu_PRDownloader__611b12c8,generated
2,16,6,138,17,claude,23,25,0,0.830435,0.744914,0.785714,0.736842,0.82243,0.864253,0.841121,0.840989,1.0,0.276316,0.77878,0.719251,0,12,24,0,82,0,amitshekhariitbhu_PRDownloader,20260510T154753Z__amitshekhariitbhu_PRDownloader__611b12c8,v2
4,18,6,120,16,claude,26,24,0,0.763636,0.727273,0.785714,0.711268,0.830189,0.792453,0.849057,0.801457,1.0,0.28169,0.759499,0.704299,0,32,43,0,84,0,amitshekhariitbhu_PRDownloader,20260510T154753Z__amitshekhariitbhu_PRDownloader__611b12c8,v3
2,71,0,287,18,claude,29,38,0,0.724832,0.70289,1.0,0.758853,0.857143,0.784173,0.846154,0.751232,1.0,0.097808,0.791245,0.64617,1,0,55,0,248,10,awaitility_awaitility,20260510T154759Z__awaitility_awaitility__4fc23ccb,generated
11,77,0,274,5,claude,25,38,0,0.711409,0.683274,1.0,0.761092,0.923077,0.754448,0.911243,0.717822,0.994538,0.119454,0.802463,0.659422,2,8,75,0,242,10,awaitility_awaitility,20260510T154759Z__awaitility_awaitility__4fc23ccb,v2
11,85,0,255,0,claude,26,41,0,0.664286,0.615193,0.941176,0.701439,0.794702,0.704545,0.847682,0.656126,0.987649,0.086331,0.725906,0.611559,3,15,94,1,253,23,awaitility_awaitility,20260510T154759Z__awaitility_awaitility__4fc23ccb,v3
4,27,8,140,20,claude,6,41,0,0.843373,0.548822,0.714286,0.802139,0.752294,0.95393,0.788991,0.714597,0.990233,0.42246,0.736414,0.727344,3,1,22,0,76,3,DantSu_ESCPOS-ThermalPrinter-Android,20260510T154807Z__DantSu_ESCPOS-ThermalPrinter-Android__f61030e4,generated
4,45,8,140,24,claude,29,47,0,0.688279,0.542609,0.714286,0.730245,0.756757,0.786325,0.738739,0.645963,1.0,0.392371,0.691455,0.666856,0,13,32,0,83,5,DantSu_ESCPOS-ThermalPrinter-Android,20260510T154807Z__DantSu_ESCPOS-ThermalPrinter-Android__f61030e4,v2
15,23,8,130,28,claude,10,38,0,0.703614,0.553191,0.714286,0.776536,0.735043,0.820225,0.735043,0.717622,1.0,0.407821,0.704331,0.689026,0,29,34,0,82,3,DantSu_ESCPOS-ThermalPrinter-Android,20260510T154807Z__DantSu_ESCPOS-ThermalPrinter-Android__f61030e4,v3
3,50,7,169,17,claude,34,31,0,0.570492,0.680947,0.872727,0.756856,0.863636,0.649254,0.852273,0.74476,0.993333,0.413163,0.752002,0.704646,1,23,95,0,152,9,elvishew_xLog,20260510T154813Z__elvishew_xLog__3faa6b27,generated
5,31,8,169,20,claude,45,27,0,0.569659,0.765295,0.857143,0.789189,0.866667,0.634483,0.844444,0.826923,0.990973,0.436036,0.777646,0.721997,2,11,58,0,144,8,elvishew_xLog,20260510T154813Z__elvishew_xLog__3faa6b27,v2
5,39,1,127,5,claude,46,19,0,0.461538,0.666667,0.958333,0.744467,0.9,0.534413,0.8875,0.725738,0.989047,0.422535,0.746737,0.696098,2,18,117,1,160,13,elvishew_xLog,20260510T154813Z__elvishew_xLog__3faa6b27,v3
0,32,0,22,2,claude,3,6,0,0.692308,0.529032,1.0,0.808511,0.833333,0.75,0.833333,0.561644,1.0,0.042553,0.760539,0.585467,0,0,20,0,23,0,EsotericSoftware_reflectasm,20260510T154820Z__EsotericSoftware_reflectasm__e34c5e8b,generated
4,12,0,30,2,claude,0,1,0,0.774194,0.837838,1.0,0.836364,0.833333,0.857143,0.833333,0.873239,1.0,0.036364,0.842939,0.66231,0,0,4,0,23,0,EsotericSoftware_reflectasm,20260510T154820Z__EsotericSoftware_reflectasm__e34c5e8b,v2
0,16,0,27,2,claude,1,3,0,0.8,0.786667,1.0,0.846154,0.833333,0.869565,0.833333,0.813793,1.0,0.038462,0.839513,0.652809,0,1,5,0,23,0,EsotericSoftware_reflectasm,20260510T154820Z__EsotericSoftware_reflectasm__e34c5e8b,v3
3,30,14,305,63,claude,28,5,0,0.620209,0.637037,0.5,0.534137,0.635294,0.740426,0.6,0.887737,0.989804,0.176707,0.589503,0.611768,1,2,25,0,105,5,esoxjem_MovieGuide,20260510T154826Z__esoxjem_MovieGuide__dc1f20fb,generated
5,32,10,322,55,claude,28,7,0,0.542056,0.599755,0.583333,0.5,0.674847,0.725,0.638037,0.850694,1.0,0.174419,0.578304,0.613905,0,5,40,0,104,4,esoxjem_MovieGuide,20260510T154826Z__esoxjem_MovieGuide__dc1f20fb,v2
11,48,16,290,64,claude,43,8,0,0.417582,0.525529,0.466667,0.502092,0.517647,0.491379,0.588235,0.767273,1.0,0.16318,0.494449,0.544427,0,21,64,0,110,6,esoxjem_MovieGuide,20260510T154826Z__esoxjem_MovieGuide__dc1f20fb,v3
4,73,11,218,49,claude,15,16,0,0.33945,0.329114,0.421053,0.38806,0.326531,0.690909,0.503401,0.643564,0.909401,0.069652,0.356896,0.491723,12,0,39,0,156,24,evant_binding-collection-adapter,20260510T154832Z__evant_binding-collection-adapter__ac7972e1,generated
2,44,12,202,41,claude,17,19,0,0.309392,0.276753,0.4,0.335079,0.307692,0.571429,0.430769,0.506494,0.940231,0.052356,0.319206,0.423356,7,6,70,0,160,33,evant_binding-collection-adapter,20260510T154832Z__evant_binding-collection-adapter__ac7972e1,v2
4,67,10,191,40,claude,12,16,0,0.397906,0.325153,0.444444,0.413793,0.35461,0.71028,0.567376,0.609819,0.891398,0.084881,0.381951,0.509079,12,3,52,0,154,21,evant_binding-collection-adapter,20260510T154832Z__evant_binding-collection-adapter__ac7972e1,v3
2,19,5,262,13,claude,8,47,0,0.372881,0.649446,0.705882,0.703546,0.792208,0.536585,0.831169,0.747475,0.995486,0.12766,0.665526,0.610797,2,1,12,0,353,13,frohoff_ysoserial,20260510T154845Z__frohoff_ysoserial__218bcffc,generated
2,9,0,229,3,claude,0,29,0,0.567164,0.631579,1.0,0.706569,0.893617,0.926829,0.865248,0.705882,0.998965,0.169343,0.746765,0.682008,2,1,58,0,340,16,frohoff_ysoserial,20260510T154845Z__frohoff_ysoserial__218bcffc,v2
4,32,1,311,21,claude,78,3,0,0.44226,0.682014,0.97561,0.756129,0.86758,0.527859,0.894977,0.90631,1.0,0.260645,0.744037,0.694095,1,1,11,0,262,2,gothinkster_spring-boot-realworld-example-app,20260511T105128Z__gothinkster_spring-boot-realworld-example-app__ee17e31a,generated
5,29,1,292,19,claude,66,22,0,0.482412,0.795322,0.97561,0.750999,0.87963,0.576577,0.898148,0.811133,1.0,0.255659,0.774194,0.682072,1,4,22,0,267,3,gothinkster_spring-boot-realworld-example-app,20260511T105128Z__gothinkster_spring-boot-realworld-example-app__ee17e31a,v2
2,27,1,298,25,claude,70,10,0,0.419512,0.755556,0.97561,0.726302,0.858447,0.56,0.858447,0.818381,0.994265,0.23498,0.744101,0.663382,3,1,36,0,275,6,gothinkster_spring-boot-realworld-example-app,20260511T105128Z__gothinkster_spring-boot-realworld-example-app__ee17e31a,v3
11,47,0,281,3,claude,58,59,0,0.78863,0.579661,1.0,0.712454,0.862275,0.887631,0.886228,0.594783,0.99848,0.355311,0.763532,0.706645,2,12,68,0,423,35,Grt1228_chatgpt-java,20260511T105134Z__Grt1228_chatgpt-java__ae761b89,generated
11,16,0,270,3,claude,43,28,0,0.792593,0.77027,1.0,0.738182,0.885542,0.889439,0.879518,0.801406,0.996027,0.387273,0.815783,0.753973,2,37,41,0,404,37,Grt1228_chatgpt-java,20260511T105134Z__Grt1228_chatgpt-java__ae761b89,v2
55,16,0,264,5,claude,47,22,0,0.762857,0.737968,1.0,0.749543,0.869048,0.844584,0.880952,0.76525,0.995766,0.389397,0.804147,0.740949,3,49,67,0,404,35,Grt1228_chatgpt-java,20260511T105134Z__Grt1228_chatgpt-java__ae761b89,v3
1,21,0,84,1,claude,9,29,0,0.972504,0.88042,1.0,0.916364,0.925373,0.972504,0.985075,0.884211,1.0,0.407273,0.928212,0.820058,1,0,9,0,79,0,happyfish100_fastdfs-client-java,20260511T105140Z__happyfish100_fastdfs-client-java__4e7b6b34,generated
13,8,1,76,2,claude,10,33,0,0.901034,0.831025,0.857143,0.911877,0.939394,0.914543,0.939394,0.842697,1.0,0.383142,0.895486,0.783324,0,24,38,0,85,2,happyfish100_fastdfs-client-java,20260511T105140Z__happyfish100_fastdfs-client-java__4e7b6b34,v2
22,32,0,82,2,claude,23,19,0,0.773006,0.787115,1.0,0.776923,0.923077,0.794953,0.923077,0.80057,1.0,0.330769,0.83722,0.738972,0,62,70,0,92,3,happyfish100_fastdfs-client-java,20260511T105140Z__happyfish100_fastdfs-client-java__4e7b6b34,v3
1,34,0,190,1,claude,17,46,0,0.79602,0.75,1.0,0.833667,1.0,0.812183,0.984848,0.756757,1.0,0.292585,0.869503,0.74178,0,2,36,0,163,1,j-easy_easy-rules,20260511T105145Z__j-easy_easy-rules__d4450831,generated
9,34,0,177,0,claude,10,28,0,0.834951,0.808955,1.0,0.856566,0.984848,0.834951,1.0,0.808955,1.0,0.331313,0.890216,0.769862,0,5,38,0,154,0,j-easy_easy-rules,20260511T105145Z__j-easy_easy-rules__d4450831,v2
3,46,0,189,0,claude,8,38,0,0.851282,0.722307,1.0,0.832669,0.992366,0.860104,0.992366,0.731183,1.0,0.306773,0.870046,0.749655,0,8,53,0,159,1,j-easy_easy-rules,20260511T105145Z__j-easy_easy-rules__d4450831,v3
8,13,0,37,1,claude,2,6,0,0.716981,0.752475,1.0,0.736842,0.875,0.75,0.9375,0.785714,0.984615,0.368421,0.797845,0.74146,2,14,17,0,35,1,JakeWharton_RxRelay,20260511T105150Z__JakeWharton_RxRelay__9540ecc7,generated
8,11,1,24,1,claude,4,7,0,0.660194,0.737374,0.666667,0.807692,0.875,0.673267,0.9375,0.770833,1.0,0.461538,0.774228,0.751791,1,17,19,0,32,1,JakeWharton_RxRelay,20260511T105150Z__JakeWharton_RxRelay__9540ecc7,v2
13,5,1,36,1,claude,3,4,0,0.648148,0.810256,0.666667,0.672414,0.909091,0.648148,0.969697,0.835979,1.0,0.413793,0.754937,0.758775,0,19,18,0,32,0,JakeWharton_RxRelay,20260511T105150Z__JakeWharton_RxRelay__9540ecc7,v3
1,15,0,48,3,claude,3,24,0,0.5,0.402778,1.0,0.580645,0.380952,0.571429,0.857143,0.442857,0.87889,0.086022,0.524987,0.540823,3,2,15,0,37,0,jOOQ_jOOR,20260511T105155Z__jOOQ_jOOR__23e17cf3,generated
2,17,1,44,2,claude,2,20,0,0.545455,0.4,0.666667,0.590909,0.444444,0.571429,0.777778,0.441176,0.97931,0.068182,0.516869,0.522259,1,3,19,0,38,2,jOOQ_jOOR,20260511T105155Z__jOOQ_jOOR__23e17cf3,v2
2,15,0,46,4,claude,1,16,0,0.272727,0.371429,1.0,0.549451,0.47619,0.428571,0.761905,0.45,0.918897,0.087912,0.499078,0.496725,2,4,19,0,37,1,jOOQ_jOOR,20260511T105155Z__jOOQ_jOOR__23e17cf3,v3
10,136,1,242,2,claude,10,14,0,0.804878,0.596026,0.96,0.759494,0.8125,0.888158,0.895833,0.6787,0.980973,0.2391,0.76691,0.695586,6,4,14,0,299,18,LianjiaTech_retrofit-spring-boot-starter,20260511T105200Z__LianjiaTech_retrofit-spring-boot-starter__24cb9eda,generated
13,68,2,244,5,claude,9,11,0,0.664474,0.554455,0.923077,0.678063,0.762887,0.780669,0.876289,0.665138,0.980804,0.210826,0.69701,0.663801,8,28,56,0,310,19,LianjiaTech_retrofit-spring-boot-starter,20260511T105200Z__LianjiaTech_retrofit-spring-boot-starter__24cb9eda,v2
22,94,1,206,4,claude,9,14,0,0.600683,0.423868,0.96,0.595944,0.836957,0.690196,0.826087,0.513716,0.987803,0.159126,0.658898,0.592661,3,39,73,0,333,28,LianjiaTech_retrofit-spring-boot-starter,20260511T105200Z__LianjiaTech_retrofit-spring-boot-starter__24cb9eda,v3
15,12,0,312,0,claude,6,70,0,0.945665,0.678261,1.0,0.868486,0.938776,0.964623,0.938776,0.71298,1.0,0.181141,0.872742,0.714207,0,3,5,0,348,9,linkedin_kafka-monitor,20260511T105205Z__linkedin_kafka-monitor__043db641,generated
74,16,0,268,3,claude,33,71,0,0.56925,0.464844,1.0,0.53719,0.855072,0.63662,0.826087,0.534247,0.989474,0.101928,0.653281,0.574598,2,118,46,0,384,21,linkedin_kafka-monitor,20260511T105205Z__linkedin_kafka-monitor__043db641,v2
31,25,0,307,1,claude,13,73,0,0.814181,0.59469,1.0,0.788945,0.945946,0.82939,0.932432,0.606498,1.0,0.170854,0.814235,0.668151,0,80,47,0,353,9,linkedin_kafka-monitor,20260511T105205Z__linkedin_kafka-monitor__043db641,v3
4,7,0,191,0,claude,6,21,0,0.935484,0.911628,1.0,0.960396,1.0,0.935484,1.0,0.911628,1.0,0.363036,0.960767,0.813407,0,4,8,0,195,0,macrozheng_mall-tiny,20260511T105211Z__macrozheng_mall-tiny__a81ec474,generated
9,10,0,196,1,claude,4,13,0,0.926518,0.932308,1.0,0.956381,0.993711,0.926518,0.993711,0.933744,1.0,0.38126,0.960781,0.819155,0,6,7,0,187,0,macrozheng_mall-tiny,20260511T105211Z__macrozheng_mall-tiny__a81ec474,v2
3,12,0,190,0,claude,4,14,0,0.930693,0.87055,1.0,0.9375,1.0,0.930693,1.0,0.87055,1.0,0.371711,0.944964,0.806642,0,10,40,0,192,0,macrozheng_mall-tiny,20260511T105211Z__macrozheng_mall-tiny__a81ec474,v3
10,223,7,318,16,claude,6,65,0,0.521008,0.219585,0.533333,0.697622,0.853333,0.712644,0.84,0.244628,1.0,0.258211,0.598021,0.572375,0,3,104,0,337,8,mbechler_marshalsec,20260511T105217Z__mbechler_marshalsec__243c5aa8,generated
4,56,0,256,1,claude,1,107,0,0.781609,0.447706,1.0,0.85545,0.941176,0.85,0.941176,0.461248,1.0,0.324645,0.798712,0.683264,0,6,15,0,314,7,mbechler_marshalsec,20260511T105217Z__mbechler_marshalsec__243c5aa8,v2
1,66,3,308,13,claude,4,68,0,0.504854,0.483363,0.727273,0.775419,0.851351,0.722222,0.864865,0.534884,1.0,0.303911,0.690591,0.650747,1,11,38,0,315,7,mbechler_marshalsec,20260511T105217Z__mbechler_marshalsec__243c5aa8,v3
20,48,5,262,19,claude,17,85,0,0.585253,0.517333,0.83871,0.682927,0.807018,0.76506,0.795322,0.590214,0.989907,0.191638,0.681758,0.618298,4,24,50,0,202,16,Meituan-Dianping_walle,20260513T080244Z__Meituan-Dianping_walle__f78edcf1,generated
27,55,2,195,6,claude,16,80,0,0.484536,0.414201,0.928571,0.633745,0.745098,0.628205,0.823529,0.478548,0.987407,0.139918,0.624776,0.570719,7,57,101,0,223,21,Meituan-Dianping_walle,20260513T080244Z__Meituan-Dianping_walle__f78edcf1,v2
13,62,5,219,21,claude,16,76,0,0.465969,0.379213,0.83871,0.544747,0.722892,0.686131,0.73494,0.467446,0.98829,0.14786,0.573756,0.552685,6,41,105,0,219,23,Meituan-Dianping_walle,20260513T080244Z__Meituan-Dianping_walle__f78edcf1,v3
4,10,0,89,1,claude,9,7,0,0.924092,0.952819,1.0,0.932605,0.915888,0.924092,0.990654,0.960829,0.997336,0.684882,0.937931,0.89893,4,1,10,0,84,0,Mojang_brigadier,20260513T080251Z__Mojang_brigadier__b5419b18,v2
0,6,0,84,1,claude,5,7,0,0.963211,0.953488,1.0,0.940741,0.933333,0.963211,0.971429,0.961494,0.995789,0.681481,0.950735,0.898158,2,1,13,0,88,2,Mojang_brigadier,20260513T080251Z__Mojang_brigadier__b5419b18,v3
14,36,0,165,2,claude,17,13,0,0.753036,0.761905,1.0,0.823232,0.962963,0.798354,0.962963,0.794824,0.997949,0.217172,0.853047,0.721695,1,1,49,0,145,1,monkeyWie_proxyee,20260513T080257Z__monkeyWie_proxyee__c2c5bb4c,generated
4,30,0,147,1,claude,16,14,0,0.666667,0.742424,1.0,0.795699,0.962025,0.772487,0.962025,0.807157,1.0,0.198925,0.827701,0.715643,1,7,39,0,151,2,monkeyWie_proxyee,20260513T080257Z__monkeyWie_proxyee__c2c5bb4c,v2
8,64,1,152,1,claude,17,21,0,0.70852,0.625,0.9375,0.772846,0.938272,0.735426,0.987654,0.6593,0.996,0.224543,0.79145,0.694206,2,17,79,1,145,0,monkeyWie_proxyee,20260513T080257Z__monkeyWie_proxyee__c2c5bb4c,v3
14,35,3,241,8,claude,17,23,0,0.796117,0.785933,0.95082,0.818505,0.928571,0.82,0.952381,0.818471,1.0,0.241993,0.84938,0.732907,2,6,33,0,185,0,mouzt_mzt-biz-log,20260513T080303Z__mouzt_mzt-biz-log__8d3a0271,generated
10,35,1,215,4,claude,16,21,0,0.806897,0.794872,0.983051,0.866171,0.95122,0.809689,0.97561,0.80389,1.0,0.260223,0.87597,0.73997,2,13,44,0,183,0,mouzt_mzt-biz-log,20260513T080303Z__mouzt_mzt-biz-log__8d3a0271,v2
14,76,0,190,2,claude,21,27,0,0.685921,0.48833,0.982456,0.758621,0.948718,0.70073,0.948718,0.516129,0.996139,0.20284,0.763565,0.643275,3,26,125,1,203,6,mouzt_mzt-biz-log,20260513T080303Z__mouzt_mzt-biz-log__8d3a0271,v3
13,52,1,178,2,claude,20,32,0,0.779097,0.692982,0.962963,0.823529,0.969231,0.790361,0.969231,0.707463,1.0,0.298039,0.841124,0.725326,0,34,80,0,180,2,Netflix_concurrency-limits,20260513T080309Z__Netflix_concurrency-limits__e8df64d8,v2
16,49,1,179,2,claude,21,25,0,0.763033,0.674735,0.962963,0.822134,0.96124,0.774038,0.96124,0.692547,1.0,0.280632,0.832649,0.713145,0,36,99,0,185,3,Netflix_concurrency-limits,20260513T080309Z__Netflix_concurrency-limits__e8df64d8,v3
6,9,9,112,30,claude,16,4,0,0.52381,0.72619,0.608696,0.760181,0.53125,0.698413,0.53125,0.907063,1.0,0.208145,0.645546,0.597586,0,0,8,0,63,0,pwittchen_ReactiveNetwork,20260513T080314Z__pwittchen_ReactiveNetwork__ddfde340,generated
0,4,1,65,2,claude,3,3,0,0.904348,0.913208,0.933333,0.936416,0.944444,0.904348,0.944444,0.923664,1.0,0.254335,0.928663,0.767302,0,5,10,0,64,0,pwittchen_ReactiveNetwork,20260513T080314Z__pwittchen_ReactiveNetwork__ddfde340,v2
0,7,6,103,22,claude,16,3,0,0.5,0.685185,0.7,0.745283,0.607143,0.700855,0.607143,0.870588,1.0,0.216981,0.657408,0.615634,0,3,20,0,63,0,pwittchen_ReactiveNetwork,20260513T080314Z__pwittchen_ReactiveNetwork__ddfde340,v3
6,81,7,292,41,claude,21,92,0,0.694836,0.398747,0.810811,0.554348,0.721311,0.856322,0.677596,0.553314,0.986244,0.155797,0.611688,0.579964,7,2,45,0,174,18,RikkaApps_Shizuku-API,20260513T080320Z__RikkaApps_Shizuku-API__a27f6e41,generated
16,74,8,320,46,claude,17,92,0,0.640732,0.36214,0.789474,0.501695,0.71134,0.812865,0.701031,0.529148,0.951816,0.179661,0.575829,0.578166,10,14,57,0,164,12,RikkaApps_Shizuku-API,20260513T080320Z__RikkaApps_Shizuku-API__a27f6e41,v2
27,54,7,262,41,claude,26,69,0,0.581731,0.425056,0.810811,0.536398,0.734043,0.689655,0.712766,0.597201,0.977224,0.164751,0.597782,0.575628,6,29,67,0,174,13,RikkaApps_Shizuku-API,20260513T080320Z__RikkaApps_Shizuku-API__a27f6e41,v3
25,41,0,252,2,claude,303,33,0,0.165975,0.642082,0.978723,0.701183,0.788618,0.202864,0.861789,0.665169,0.968365,0.263314,0.658695,0.584665,15,37,42,1,246,32,TheoKanning_openai-java,20260513T080328Z__TheoKanning_openai-java__26909660,generated
8,47,1,311,4,claude,61,25,0,0.812144,0.682008,0.979592,0.759837,0.875912,0.839961,0.963504,0.699571,0.990605,0.246947,0.803112,0.715757,5,35,43,0,244,6,TheoKanning_openai-java,20260513T080328Z__TheoKanning_openai-java__26909660,v2
12,45,0,314,4,claude,73,24,0,0.79661,0.632967,0.978723,0.764228,0.941176,0.819672,0.955882,0.650113,0.995125,0.241192,0.80852,0.699549,6,29,62,1,246,8,TheoKanning_openai-java,20260513T080328Z__TheoKanning_openai-java__26909660,v3
28,206,1,308,8,claude,53,33,0,0.528117,0.5425,0.972973,0.736413,0.923077,0.590674,0.901099,0.563158,0.99561,0.192935,0.736708,0.619357,4,24,60,0,286,10,ulisesbocchio_jasypt-spring-boot,20260513T080335Z__ulisesbocchio_jasypt-spring-boot__2243cb80,generated
27,186,1,315,3,claude,24,21,0,0.737349,0.626415,0.972973,0.832898,0.933333,0.780612,0.944444,0.643411,0.992282,0.245431,0.816386,0.689693,2,11,48,0,263,7,ulisesbocchio_jasypt-spring-boot,20260513T080335Z__ulisesbocchio_jasypt-spring-boot__2243cb80,v2
29,85,1,266,3,claude,15,25,0,0.741294,0.686131,0.972973,0.823529,0.939227,0.768041,0.950276,0.709581,0.993124,0.212339,0.827583,0.694602,3,31,59,0,283,6,ulisesbocchio_jasypt-spring-boot,20260513T080335Z__ulisesbocchio_jasypt-spring-boot__2243cb80,v3
7,17,1,125,13,claude,18,32,0,0.389831,0.61674,0.875,0.699301,0.810127,0.495575,0.835443,0.724138,0.997576,0.314685,0.681644,0.648226,1,14,31,1,71,0,whwlsfb_JDumpSpider,20260513T080342Z__whwlsfb_JDumpSpider__24fe3186,generated
11,16,0,67,0,claude,8,31,0,0.784615,0.737101,1.0,0.905172,1.0,0.784615,1.0,0.737101,1.0,0.422414,0.886664,0.770716,0,1,29,0,67,0,whwlsfb_JDumpSpider,20260513T080342Z__whwlsfb_JDumpSpider__24fe3186,v2
0,36,1,93,1,claude,13,22,0,0.53913,0.704225,0.875,0.814229,0.955224,0.66055,0.985075,0.738824,0.997576,0.347826,0.792289,0.729084,1,11,31,1,72,0,whwlsfb_JDumpSpider,20260513T080342Z__whwlsfb_JDumpSpider__24fe3186,v3
5,34,0,270,3,claude,72,106,0,0.576177,0.765203,1.0,0.837838,0.988048,0.582633,0.98008,0.773698,1.0,0.380631,0.83783,0.731316,0,0,19,0,280,2,xtuhcy_gecco,20260514T193759Z__xtuhcy_gecco__e1f32e1c,generated
32,128,2,336,40,claude,47,100,0,0.494382,0.422261,0.944444,0.686275,0.862191,0.51462,0.833922,0.466019,0.990738,0.28976,0.674484,0.592087,4,40,222,0,316,7,xtuhcy_gecco,20260514T193759Z__xtuhcy_gecco__e1f32e1c,v2
32,53,0,263,3,claude,55,106,0,0.505556,0.667254,1.0,0.797714,0.992,0.518519,0.976,0.684163,0.998142,0.372571,0.796598,0.700367,1,27,84,0,286,3,xtuhcy_gecco,20260514T193759Z__xtuhcy_gecco__e1f32e1c,v3
6,14,1,130,1,claude,8,15,0,0.88172,0.875,0.933333,0.888889,0.987013,0.88172,0.987013,0.87703,1.0,0.165079,0.914011,0.745038,0,0,9,0,133,0,YeautyYE_netty-websocket-spring-boot-starter,20260514T193807Z__YeautyYE_netty-websocket-spring-boot-starter__eb4d0a6b,generated
33,7,1,127,1,claude,13,23,0,0.480447,0.849057,0.933333,0.839744,0.987013,0.480447,0.987013,0.851064,1.0,0.166667,0.833888,0.68005,0,34,10,0,133,0,YeautyYE_netty-websocket-spring-boot-starter,20260514T193807Z__YeautyYE_netty-websocket-spring-boot-starter__eb4d0a6b,v2
18,15,1,142,1,claude,30,40,0,0.516129,0.706731,0.933333,0.814815,0.961039,0.516129,0.987013,0.708434,1.0,0.141975,0.796803,0.650704,0,12,26,0,136,0,YeautyYE_netty-websocket-spring-boot-starter,20260514T193807Z__YeautyYE_netty-websocket-spring-boot-starter__eb4d0a6b,v3
2,22,0,66,0,claude,2,33,0,0.904762,0.269231,1.0,0.813559,1.0,0.904762,1.0,0.269231,1.0,0.20339,0.783628,0.640408,0,2,64,0,75,0,JMCuixy_swagger2word,20260515T132132Z__JMCuixy_swagger2word__0da57120,generated
14,17,0,75,1,claude,1,28,0,0.808081,0.328502,1.0,0.827957,0.974359,0.824742,0.974359,0.333333,1.0,0.193548,0.778889,0.631073,0,1,63,0,75,0,JMCuixy_swagger2word,20260515T132132Z__JMCuixy_swagger2word__0da57120,v2
0,18,1,66,1,claude,1,18,0,0.928571,0.674603,0.933333,0.892655,0.974359,0.95122,0.974359,0.691057,1.0,0.20339,0.878926,0.724049,0,2,22,0,75,0,JMCuixy_swagger2word,20260515T132132Z__JMCuixy_swagger2word__0da57120,v3
12,18,0,149,3,claude,11,12,0,0.825,0.70852,1.0,0.846535,0.971963,0.853448,0.953271,0.748815,1.0,0.366337,0.862405,0.755346,0,0,11,0,107,2,eugene-khyst_postgresql-event-sourcing,20260515T132141Z__eugene-khyst_postgresql-event-sourcing__90faafbb,generated
4,27,0,155,2,claude,11,13,0,0.828829,0.672646,1.0,0.841076,0.971963,0.840183,0.971963,0.688073,1.0,0.356968,0.854167,0.744473,0,9,15,0,108,1,eugene-khyst_postgresql-event-sourcing,20260515T132141Z__eugene-khyst_postgresql-event-sourcing__90faafbb,v2
11,19,1,138,3,claude,9,11,0,0.75576,0.676329,0.976744,0.806202,0.934579,0.780952,0.953271,0.696517,1.0,0.351421,0.821809,0.730283,1,17,20,0,113,2,eugene-khyst_postgresql-event-sourcing,20260515T132141Z__eugene-khyst_postgresql-event-sourcing__90faafbb,v3
24,90,7,280,13,claude,22,81,0,0.6,0.589286,0.533333,0.691706,0.742857,0.751323,0.8,0.654348,0.959963,0.134585,0.654416,0.613211,7,26,66,0,273,22,facebook_SoLoader,20260515T132149Z__facebook_SoLoader__d3d721fb,generated
18,89,5,275,19,claude,20,70,0,0.512,0.554,0.615385,0.691358,0.729282,0.743662,0.773481,0.625,0.971721,0.175926,0.638866,0.609747,6,33,107,0,259,22,facebook_SoLoader,20260515T132149Z__facebook_SoLoader__d3d721fb,v2
50,117,6,230,14,claude,25,54,0,0.375267,0.422907,0.571429,0.58,0.77907,0.551724,0.767442,0.46798,0.962209,0.18,0.566782,0.547808,8,43,207,0,262,26,facebook_SoLoader,20260515T132149Z__facebook_SoLoader__d3d721fb,v3
2,6,0,183,1,claude,4,14,0,0.936364,0.932075,1.0,0.96587,0.990654,0.936364,0.990654,0.935606,1.0,0.395904,0.964294,0.823748,0,4,0,0,171,0,feiniaojin_graceful-response,20260515T132155Z__feiniaojin_graceful-response__cf1cd118,generated
2,82,0,196,1,claude,1,20,0,0.944444,0.757679,1.0,0.943144,0.990654,0.944444,0.990654,0.758974,1.0,0.384615,0.923809,0.786812,0,8,19,0,172,0,feiniaojin_graceful-response,20260515T132155Z__feiniaojin_graceful-response__cf1cd118,v2
4,60,1,190,2,claude,3,9,0,0.877358,0.771739,0.933333,0.907216,0.990654,0.889952,0.971963,0.787431,1.0,0.360825,0.899113,0.772774,0,13,37,0,182,1,feiniaojin_graceful-response,20260515T132155Z__feiniaojin_graceful-response__cf1cd118,v3
1,18,0,166,1,claude,9,62,0,0.804233,0.534435,0.923077,0.742991,0.891304,0.888889,0.891304,0.570588,1.0,0.130841,0.765553,0.647553,0,0,4,1,206,9,jenkinsci_jenkinsfile-runner,20260515T132202Z__jenkinsci_jenkinsfile-runner__9be9c0fb,generated
7,16,0,159,2,claude,7,56,0,0.747368,0.477273,0.923077,0.685579,0.913043,0.840237,0.869565,0.532051,1.0,0.141844,0.733802,0.628776,0,6,18,1,204,10,jenkinsci_jenkinsfile-runner,20260515T132202Z__jenkinsci_jenkinsfile-runner__9be9c0fb,v2
9,18,0,162,2,claude,8,52,0,0.673913,0.445748,0.923077,0.660377,0.888889,0.765432,0.844444,0.506757,1.0,0.132075,0.70288,0.602518,0,13,24,1,206,12,jenkinsci_jenkinsfile-runner,20260515T132202Z__jenkinsci_jenkinsfile-runner__9be9c0fb,v3
0,2,0,35,3,claude,0,0,0,0.936709,0.931818,1.0,0.875,0.571429,1.0,0.571429,0.97619,1.0,0.03125,0.832227,0.624479,0,0,0,0,27,0,mitre_HTTP-Proxy-Servlet,20260515T132208Z__mitre_HTTP-Proxy-Servlet__c799c5e1,generated
0,0,0,28,2,claude,0,1,0,0.906667,0.9,1.0,0.912281,0.666667,0.957746,0.666667,0.923077,1.0,0.035088,0.856351,0.637049,0,3,4,0,27,0,mitre_HTTP-Proxy-Servlet,20260515T132208Z__mitre_HTTP-Proxy-Servlet__c799c5e1,v2
1,0,0,29,1,claude,1,0,0,0.931507,0.936709,1.0,0.931034,0.8,0.931507,0.8,0.948718,1.0,0.034483,0.906378,0.67809,0,2,4,0,27,0,mitre_HTTP-Proxy-Servlet,20260515T132208Z__mitre_HTTP-Proxy-Servlet__c799c5e1,v3
2,15,6,76,14,claude,11,18,0,0.807692,0.658147,0.625,0.573333,0.625,0.84,0.75,0.761566,1.0,0.066667,0.643533,0.61998,4,0,16,0,64,2,stealthcopter_AndroidNetworkTools,20260518T082419Z__stealthcopter_AndroidNetworkTools__a82af8a5,generated
6,23,1,42,1,claude,4,11,0,0.789116,0.622378,0.8,0.444444,0.64,0.859259,0.92,0.74717,0.957143,0.102564,0.616176,0.675678,7,5,22,1,63,3,stealthcopter_AndroidNetworkTools,20260518T082419Z__stealthcopter_AndroidNetworkTools__a82af8a5,v2
3,10,0,39,1,claude,2,9,0,0.773723,0.591093,0.888889,0.473684,0.625,0.861789,0.875,0.725664,0.969312,0.105263,0.621521,0.660148,6,10,34,1,63,5,stealthcopter_AndroidNetworkTools,20260518T082419Z__stealthcopter_AndroidNetworkTools__a82af8a5,v3
